{"elemental_refs": {"La": -5.0046, "Zr": -9.84368, "O": -7.0066}, "limits_wrt_el_refs": {"ZrO2-O2-La2Zr2O7": {"Zr": -10.97543, "O": 0.0, "La": -9.463}, "Zr3O-ZrO2-La2Zr2O7": {"Zr": -0.19954, "O": -5.38794, "La": -1.3811}}, "limits": {"ZrO2-O2-La2Zr2O7": {"Zr": -20.8191, "O": -7.0066, "La": -14.46757}, "Zr3O-ZrO2-La2Zr2O7": {"Zr": -10.04322, "O": -12.39454, "La": -6.38567}}}