{"elemental_refs": {"La": -5.00458616, "Zr": -9.84367624, "O": -7.006602065}, "limits_wrt_el_refs": {"ZrO2-O2-La2Zr2O7": {"Zr": -10.97543, "O": 0.0, "La": -9.462985919999998}, "Zr3O-ZrO2-La2Zr2O7": {"Zr": -0.19954, "O": -5.38794, "La": -1.3810859199999967}}, "limits": {"ZrO2-O2-La2Zr2O7": {"Zr": -20.81910624, "O": -7.006602065, "La": -14.467572079999997}, "Zr3O-ZrO2-La2Zr2O7": {"Zr": -10.043216240000001, "O": -12.394542065, "La": -6.385672079999996}}}