{"facets": {"Cu2SiSe3-Cu15Si4-SiSe2": {"Cu": -3.736819321451613, "Si": -6.37083813830645, "Se": -5.225705770846775}, "Cu2SiSe3-Cu3Se2-Cu2Se": {"Cu": -3.7473147399999944, "Si": -7.394171393749979, "Se": -4.87759774000001}, "Cu2SiSe3-Cu2Se-Cu": {"Cu": -3.65231386, "Si": -7.01416787375, "Se": -5.067599499999999}, "Cu2SiSe3-Cu15Si4-Cu": {"Cu": -3.65231386, "Si": -6.687733618749998, "Se": -5.1764109183333336}, "Cu2SiSe3-Cu3Se2-CuSe": {"Cu": -3.945076990000005, "Si": -7.8885770187500075, "Se": -4.580954364999994}, "Cu2SiSe3-Se-CuSe": {"Cu": -4.058430770468749, "Si": -8.001930799218751, "Se": -4.46760058453125}, "Cu2SiSe3-SiSe2-Se": {"Cu": -4.115871914609374, "Si": -7.8870485109375, "Se": -4.46760058453125}}, "elemental_refs": {"Se": -4.46760058453125, "Si": -6.29297978, "Cu": -3.65231386}, "facets_wrt_el_refs": {"Cu2SiSe3-Cu15Si4-SiSe2": {"Cu": -0.08450546145161297, "Si": -0.07785835830645027, "Se": -0.7581051863155253}, "Cu2SiSe3-Cu3Se2-Cu2Se": {"Cu": -0.0950008799999944, "Si": -1.1011916137499798, "Se": -0.40999715546876025}, "Cu2SiSe3-Cu2Se-Cu": {"Cu": 0.0, "Si": -0.7211880937500004, "Se": -0.5999989154687491}, "Cu2SiSe3-Cu15Si4-Cu": {"Cu": 0.0, "Si": -0.39475383874999803, "Se": -0.7088103338020835}, "Cu2SiSe3-Cu3Se2-CuSe": {"Cu": -0.29276313000000487, "Si": -1.595597238750008, "Se": -0.11335378046874389}, "Cu2SiSe3-Se-CuSe": {"Cu": -0.40611691046874876, "Si": -1.7089510192187518, "Se": 0.0}, "Cu2SiSe3-SiSe2-Se": {"Cu": -0.46355805460937427, "Si": -1.5940687309375008, "Se": 0.0}}}