{"facets": {"Cd-CdTe": {"Cd": -1.01586484, "Te": -5.7220097228125}, "CdTe-Te": {"Cd": -2.2671822228125, "Te": -4.47069234}}, "elemental_refs": {"Te": -4.47069234, "Cd": -1.01586484}, "facets_wrt_elt_refs": {"Cd-CdTe": {"Cd": 0.0, "Te": -1.2513173828125002}, "CdTe-Te": {"Cd": -1.2513173828125, "Te": 0.0}}}