Mg,O
0.0,-5.6457195225
-5.645719522499999,0.0
