{"limits": {"MgO-Mg": {"Mg": -1.7360624375, "O": -10.7807654025}, "MgO-O2": {"Mg": -7.38178196, "O": -5.13504588}}, "elemental_refs": {"O": -5.13504588, "Mg": -1.7360624375}, "limits_wrt_el_refs": {"MgO-Mg": {"Mg": 0.0, "O": -5.6457195225}, "MgO-O2": {"Mg": -5.645719522499999, "O": 0.0}}}