{"facets": {"ZrO2-O2": {"Zr": -20.81910468, "O": -7.006602065}, "Zr3O-ZrO2": {"Zr": -10.04321996, "O": -12.394544425}}, "elemental_refs": {"O": -7.006602065, "Zr": -9.84367624}, "facets_wrt_el_refs": {"ZrO2-O2": {"Zr": -10.975428439999998, "O": 0.0}, "Zr3O-ZrO2": {"Zr": -0.19954371999999942, "O": -5.387942359999999}}}