{"elemental_refs": {"O": -7.006602065, "Zr": -9.84367624, "La": -5.00458616}, "facets_wrt_el_refs": {"ZrO2-O2-La2Zr2O7": {"Zr": -10.975428439999998, "O": 0.0, "La": -9.462987480000002}, "Zr3O-ZrO2-La2Zr2O7": {"Zr": -0.19954371999999942, "O": -5.387942359999999, "La": -1.3810739400000038}}, "facets": {"ZrO2-O2-La2Zr2O7": {"Zr": -20.81910468, "O": -7.006602065, "La": -14.467573640000001}, "Zr3O-ZrO2-La2Zr2O7": {"Zr": -10.04321996, "O": -12.394544425, "La": -6.3856601000000035}}}