Zr,O
-10.975428439999998,0.0
-0.19954371999999942,-5.387942359999999
