Zr,O,La,La_limiting_phase
-10.975428439999998,0.0,-9.462987480000002,La2Zr2O7
-0.19954371999999942,-5.387942359999999,-1.3810739400000038,La2Zr2O7
