{"limits": {"ZrO2-O2": {"Zr": -20.8191, "O": -7.0066}, "Zr3O-ZrO2": {"Zr": -10.04322, "O": -12.39454}}, "elemental_refs": {"O": -7.0066, "Zr": -9.84368}, "limits_wrt_el_refs": {"ZrO2-O2": {"Zr": -10.97543, "O": 0.0}, "Zr3O-ZrO2": {"Zr": -0.19954, "O": -5.38794}}}